{"cameraMode":{"drawMode":0,"name":"Shaded","section":"Shading Mode"},"sceneLighting":true,"audioPlay":false,"sceneViewState":{"showFog":true,"showMaterialUpdate":false,"showSkybox":true,"showFlares":true,"showImageEffects":true,"showParticleSystems":true},"in2DMode":false,"pivot":{"x":-1.00040602684021,"y":2.4927175045013429,"z":-2.3542659282684328},"rotation":{"x":-0.24446770548820496,"y":-0.1671379804611206,"z":0.04282357171177864,"w":-0.954191267490387},"size":1.4660253524780274,"orthographic":false}