{"cameraMode":{"drawMode":0,"name":"Shaded","section":"Shading Mode"},"sceneLighting":true,"audioPlay":false,"sceneViewState":{"showFog":true,"showMaterialUpdate":false,"showSkybox":true,"showFlares":true,"showImageEffects":true,"showParticleSystems":true},"in2DMode":false,"pivot":{"x":-1.2376768589019776,"y":1.9751248359680176,"z":-3.7227256298065187},"rotation":{"x":-0.10190445929765701,"y":-0.1804167926311493,"z":0.018796898424625398,"w":-0.9781189560890198},"size":0.033974647521972659,"orthographic":false}