{"cameraMode":{"drawMode":0,"name":"Shaded","section":"Shading Mode"},"sceneLighting":true,"audioPlay":false,"sceneViewState":{"showFog":true,"showMaterialUpdate":true,"showSkybox":true,"showFlares":true,"showImageEffects":true,"showParticleSystems":true},"in2DMode":false,"pivot":{"x":365.47161865234377,"y":174.49984741210938,"z":-22.37750244140625},"rotation":{"x":-0.1107371598482132,"y":0.36561626195907595,"z":0.04385878145694733,"w":0.9231134653091431},"size":1264.08203125,"orthographic":false}