{"cameraMode":{"drawMode":0,"name":"Shaded","section":"Shading Mode"},"sceneLighting":true,"audioPlay":false,"sceneViewState":{"showFog":true,"showMaterialUpdate":true,"showSkybox":true,"showFlares":true,"showImageEffects":true,"showParticleSystems":true},"in2DMode":false,"pivot":{"x":-9.687100410461426,"y":1.0739295482635499,"z":1.938157558441162},"rotation":{"x":-0.08606670051813126,"y":0.42059025168418887,"z":-0.040119051933288577,"w":-0.9022676944732666},"size":10.827241897583008,"orthographic":false}