{"cameraMode":{"drawMode":0,"name":"Shaded","section":"Shading Mode"},"sceneLighting":true,"audioPlay":false,"sceneViewState":{"showFog":true,"showMaterialUpdate":true,"showSkybox":true,"showFlares":true,"showImageEffects":true,"showParticleSystems":true},"in2DMode":false,"pivot":{"x":-50.445762634277347,"y":-3.5849592685699465,"z":15.025470733642579},"rotation":{"x":-0.046760283410549167,"y":0.5823377966880798,"z":-0.033579859882593158,"w":-0.8109060525894165},"size":52.89371871948242,"orthographic":false}