{"cameraMode":{"drawMode":0,"name":"Shaded","section":"Shading Mode"},"sceneLighting":true,"audioPlay":false,"sceneViewState":{"showFog":true,"showMaterialUpdate":true,"showSkybox":true,"showFlares":true,"showImageEffects":true,"showParticleSystems":true},"in2DMode":false,"pivot":{"x":88.34151458740235,"y":134.8070068359375,"z":-471.5749816894531},"rotation":{"x":0.016943002119660379,"y":0.3790256381034851,"z":-0.006941618863493204,"w":0.9252050518989563},"size":5.082046985626221,"orthographic":false}