{"cameraMode":{"drawMode":0,"name":"Shaded","section":"Shading Mode"},"sceneLighting":true,"audioPlay":false,"sceneViewState":{"showFog":true,"showMaterialUpdate":true,"showSkybox":true,"showFlares":true,"showImageEffects":true,"showParticleSystems":true},"in2DMode":false,"pivot":{"x":-2.4549686908721926,"y":2.272007703781128,"z":-0.1146177351474762},"rotation":{"x":0.057734228670597079,"y":-0.6958129405975342,"z":0.05629034712910652,"w":0.7136824131011963},"size":0.8573644161224365,"orthographic":false}