{"cameraMode":{"drawMode":0,"name":"Shaded","section":"Shading Mode"},"sceneLighting":true,"audioPlay":false,"sceneViewState":{"showFog":true,"showMaterialUpdate":true,"showSkybox":true,"showFlares":true,"showImageEffects":true,"showParticleSystems":true},"in2DMode":false,"pivot":{"x":-8.090721130371094,"y":2.3626060485839845,"z":-0.29418474435806277},"rotation":{"x":0.009328511543571949,"y":-0.7227706909179688,"z":0.009757990948855877,"w":0.6909561157226563},"size":9.435807228088379,"orthographic":false}