{"cameraMode":{"drawMode":0,"name":"Shaded","section":"Shading Mode"},"sceneLighting":true,"audioPlay":false,"sceneViewState":{"showFog":true,"showMaterialUpdate":true,"showSkybox":true,"showFlares":true,"showImageEffects":true,"showParticleSystems":true},"in2DMode":false,"pivot":{"x":1.4614579677581788,"y":2.048875570297241,"z":1.416163682937622},"rotation":{"x":-0.041806068271398547,"y":0.8275498747825623,"z":-0.062182921916246417,"w":-0.5563693046569824},"size":3.3042943477630617,"orthographic":false}