{"cameraMode":{"drawMode":0,"name":"Shaded","section":"Shading Mode"},"sceneLighting":true,"audioPlay":false,"sceneViewState":{"showFog":true,"showMaterialUpdate":true,"showSkybox":true,"showFlares":true,"showImageEffects":true,"showParticleSystems":true},"in2DMode":false,"pivot":{"x":-1.8240203857421876,"y":2.01995849609375,"z":0.03639771789312363},"rotation":{"x":0.07890865206718445,"y":-0.7051145434379578,"z":0.0794663280248642,"w":0.7001942992210388},"size":0.8573644161224365,"orthographic":false}