{"cameraMode":{"drawMode":0,"name":"Shaded","section":"Shading Mode"},"sceneLighting":true,"audioPlay":false,"sceneViewState":{"showFog":true,"showMaterialUpdate":true,"showSkybox":true,"showFlares":true,"showImageEffects":true,"showParticleSystems":true},"in2DMode":false,"pivot":{"x":-2.3624491691589357,"y":1.899375081062317,"z":-0.1875758171081543},"rotation":{"x":0.07271340489387512,"y":-0.7047489285469055,"z":0.07300800085067749,"w":0.7019342184066773},"size":0.8573644161224365,"orthographic":false}