{"cameraMode":{"drawMode":0,"name":"Shaded","section":"Shading Mode"},"sceneLighting":true,"audioPlay":false,"sceneViewState":{"showFog":true,"showMaterialUpdate":true,"showSkybox":true,"showFlares":true,"showImageEffects":true,"showParticleSystems":true},"in2DMode":false,"pivot":{"x":-2.3398969173431398,"y":0.815666913986206,"z":-33.238922119140628},"rotation":{"x":0.00033484704908914864,"y":-0.9990615248680115,"z":0.04259810596704483,"w":0.007834051735699177},"size":26.86005401611328,"orthographic":false}