{"cameraMode":{"drawMode":0,"name":"Shaded","section":"Shading Mode"},"sceneLighting":true,"audioPlay":false,"sceneViewState":{"showFog":true,"showMaterialUpdate":true,"showSkybox":true,"showFlares":true,"showImageEffects":true,"showParticleSystems":true},"in2DMode":false,"pivot":{"x":-0.11688017845153809,"y":1.3432663679122925,"z":-1.3873887062072755},"rotation":{"x":0.011578049510717392,"y":-0.8822241425514221,"z":0.021723967045545579,"w":0.4701858162879944},"size":4.241547584533691,"orthographic":false}