{"cameraMode":{"drawMode":0,"name":"Shaded","section":"Shading Mode"},"sceneLighting":true,"audioPlay":false,"sceneViewState":{"showFog":true,"showMaterialUpdate":true,"showSkybox":true,"showFlares":true,"showImageEffects":true,"showParticleSystems":true},"in2DMode":false,"pivot":{"x":-2.7863733768463136,"y":2.710653781890869,"z":0.10703592002391815},"rotation":{"x":0.12278108298778534,"y":-0.7099073529243469,"z":0.12787774205207826,"w":0.6816184520721436},"size":0.8573644161224365,"orthographic":false}