{"cameraMode":{"drawMode":0,"name":"Shaded","section":"Shading Mode"},"sceneLighting":true,"audioPlay":false,"sceneViewState":{"showFog":true,"showMaterialUpdate":true,"showSkybox":true,"showFlares":true,"showImageEffects":true,"showParticleSystems":true},"in2DMode":false,"pivot":{"x":-15.263758659362793,"y":0.8406610488891602,"z":0.7854981422424316},"rotation":{"x":0.02930295839905739,"y":-0.6780181527137756,"z":0.02706730365753174,"w":0.7339619994163513},"size":13.152328491210938,"orthographic":false}