{"cameraMode":{"drawMode":0,"name":"Shaded","section":"Shading Mode"},"sceneLighting":true,"audioPlay":false,"sceneViewState":{"showFog":true,"showMaterialUpdate":true,"showSkybox":true,"showFlares":true,"showImageEffects":true,"showParticleSystems":true},"in2DMode":false,"pivot":{"x":-24.934410095214845,"y":2.1166865825653078,"z":0.1973682940006256},"rotation":{"x":-0.0019210395403206349,"y":0.7032731771469116,"z":-0.0019004353089258075,"w":-0.7109145522117615},"size":23.44011116027832,"orthographic":false}