{"cameraMode":{"drawMode":0,"name":"Shaded","section":"Shading Mode"},"sceneLighting":false,"audioPlay":false,"sceneViewState":{"showFog":true,"showMaterialUpdate":true,"showSkybox":true,"showFlares":true,"showImageEffects":true,"showParticleSystems":true},"in2DMode":false,"pivot":{"x":-0.14800071716308595,"y":3.125999927520752,"z":0.4249999523162842},"rotation":{"x":0.026758532971143724,"y":-0.7112364172935486,"z":0.02711278572678566,"w":0.7019200325012207},"size":4.7968645095825199,"orthographic":false}