{"cameraMode":{"drawMode":0,"name":"Shaded","section":"Shading Mode"},"sceneLighting":true,"audioPlay":false,"sceneViewState":{"showFog":true,"showMaterialUpdate":true,"showSkybox":true,"showFlares":true,"showImageEffects":true,"showParticleSystems":true},"in2DMode":false,"pivot":{"x":317.7776184082031,"y":169.74502563476563,"z":-132.14830017089845},"rotation":{"x":-0.1015595868229866,"y":0.22248627245426179,"z":0.02330932952463627,"w":0.9693514704704285},"size":563.6038208007813,"orthographic":false}