{"cameraMode":{"drawMode":0,"name":"Shaded","section":"Shading Mode"},"sceneLighting":true,"audioPlay":false,"sceneViewState":{"showFog":true,"showMaterialUpdate":true,"showSkybox":true,"showFlares":true,"showImageEffects":true,"showParticleSystems":true},"in2DMode":false,"pivot":{"x":0.04679056257009506,"y":2.8938207626342775,"z":0.7566028237342835},"rotation":{"x":0.0955972969532013,"y":-0.6354861259460449,"z":0.07972362637519837,"w":0.762012243270874},"size":12.147119522094727,"orthographic":false}