{"cameraMode":{"drawMode":0,"name":"Shaded","section":"Shading Mode"},"sceneLighting":true,"audioPlay":false,"sceneViewState":{"showFog":true,"showMaterialUpdate":true,"showSkybox":true,"showFlares":true,"showImageEffects":true,"showParticleSystems":true},"in2DMode":false,"pivot":{"x":-0.08294057846069336,"y":1.0742048025131226,"z":0.011874377727508545},"rotation":{"x":-0.019261227920651437,"y":-0.9779981374740601,"z":0.10515998303890228,"w":-0.17913718521595},"size":0.9415479302406311,"orthographic":false}