{"cameraMode":{"drawMode":0,"name":"Shaded","section":"Shading Mode"},"sceneLighting":true,"audioPlay":false,"sceneViewState":{"showFog":true,"showMaterialUpdate":true,"showSkybox":true,"showFlares":true,"showImageEffects":true,"showParticleSystems":true},"in2DMode":false,"pivot":{"x":-2.6525166034698488,"y":-0.4955531358718872,"z":-1.268364429473877},"rotation":{"x":0.17381633818149568,"y":-0.5856444835662842,"z":0.1303533911705017,"w":0.7809074521064758},"size":5.875109672546387,"orthographic":false}