{"cameraMode":{"drawMode":0,"name":"Shaded","section":"Shading Mode"},"sceneLighting":true,"audioPlay":false,"sceneViewState":{"showFog":true,"showMaterialUpdate":true,"showSkybox":true,"showFlares":true,"showImageEffects":true,"showParticleSystems":true},"in2DMode":false,"pivot":{"x":-1.8309626579284669,"y":2.7553422451019289,"z":-0.5695319175720215},"rotation":{"x":0.05156393721699715,"y":-0.6085079908370972,"z":0.03967365249991417,"w":0.7908762097358704},"size":0.5715768337249756,"orthographic":false}