{"cameraMode":{"drawMode":0,"name":"Shaded","section":"Shading Mode"},"sceneLighting":false,"audioPlay":false,"sceneViewState":{"showFog":true,"showMaterialUpdate":true,"showSkybox":false,"showFlares":true,"showImageEffects":true,"showParticleSystems":true},"in2DMode":false,"pivot":{"x":4.457849979400635,"y":-6.411209583282471,"z":-14.58172607421875},"rotation":{"x":0.0036732181906700136,"y":-0.9795799255371094,"z":0.2002173513174057,"w":0.01796841062605381},"size":34.352542877197269,"orthographic":false}