{"cameraMode":{"drawMode":0,"name":"Shaded","section":"Shading Mode"},"sceneLighting":true,"audioPlay":false,"sceneViewState":{"showFog":true,"showMaterialUpdate":true,"showSkybox":true,"showFlares":true,"showImageEffects":true,"showParticleSystems":true},"in2DMode":false,"pivot":{"x":-59.809329986572269,"y":52.64079284667969,"z":-61.56245422363281},"rotation":{"x":0.09371671080589295,"y":0.594929575920105,"z":-0.07011400163173676,"w":0.7952106595039368},"size":3.2902517318725588,"orthographic":false}