{"cameraMode":{"drawMode":0,"name":"Shaded","section":"Shading Mode"},"sceneLighting":true,"audioPlay":false,"sceneViewState":{"showFog":true,"showMaterialUpdate":true,"showSkybox":true,"showFlares":true,"showImageEffects":true,"showParticleSystems":true},"in2DMode":false,"pivot":{"x":-13.692399978637696,"y":1.4354336261749268,"z":0.15451490879058839},"rotation":{"x":0.026758532971143724,"y":-0.7112364172935486,"z":0.02711278386414051,"w":0.7019199728965759},"size":11.987634658813477,"orthographic":false}