{"cameraMode":{"drawMode":0,"name":"Shaded","section":"Shading Mode"},"sceneLighting":true,"audioPlay":false,"sceneViewState":{"showFog":true,"showMaterialUpdate":true,"showSkybox":true,"showFlares":true,"showImageEffects":true,"showParticleSystems":true},"in2DMode":false,"pivot":{"x":-1.7939350605010987,"y":2.5029349327087404,"z":-0.5468621850013733},"rotation":{"x":-0.12208583205938339,"y":0.6656448841094971,"z":-0.11167847365140915,"w":-0.7276949286460877},"size":0.8573644161224365,"orthographic":false}