{"cameraMode":{"drawMode":0,"name":"Shaded","section":"Shading Mode"},"sceneLighting":true,"audioPlay":false,"sceneViewState":{"showFog":true,"showMaterialUpdate":true,"showSkybox":true,"showFlares":true,"showImageEffects":true,"showParticleSystems":true},"in2DMode":false,"pivot":{"x":-8.785995483398438,"y":1.9678728580474854,"z":0.2957332730293274},"rotation":{"x":-0.02973422408103943,"y":0.7054223418235779,"z":-0.029645226895809175,"w":-0.7075424790382385},"size":7.916800498962402,"orthographic":false}