{"cameraMode":{"drawMode":0,"name":"Shaded","section":"Shading Mode"},"sceneLighting":true,"audioPlay":false,"sceneViewState":{"showFog":true,"showMaterialUpdate":true,"showSkybox":true,"showFlares":true,"showImageEffects":true,"showParticleSystems":true},"in2DMode":false,"pivot":{"x":-7.545211315155029,"y":2.522059202194214,"z":0.6060417294502258},"rotation":{"x":-0.03738345205783844,"y":0.7008167505264282,"z":-0.03682682290673256,"w":-0.7114086151123047},"size":5.603753089904785,"orthographic":false}