{"cameraMode":{"drawMode":0,"name":"Shaded","section":"Shading Mode"},"sceneLighting":true,"audioPlay":false,"sceneViewState":{"showFog":true,"showMaterialUpdate":true,"showSkybox":true,"showFlares":true,"showImageEffects":true,"showParticleSystems":true},"in2DMode":false,"pivot":{"x":-30.00383186340332,"y":-5.559210777282715,"z":1.1131694316864014},"rotation":{"x":-0.09863670915365219,"y":0.6872900128364563,"z":-0.09503058344125748,"w":-0.7133530378341675},"size":27.783279418945314,"orthographic":false}