{"cameraMode":{"drawMode":0,"name":"Shaded","section":"Shading Mode"},"sceneLighting":true,"audioPlay":false,"sceneViewState":{"showFog":true,"showMaterialUpdate":true,"showSkybox":true,"showFlares":true,"showImageEffects":true,"showParticleSystems":true},"in2DMode":false,"pivot":{"x":-2.6097559928894045,"y":2.131030321121216,"z":-0.04627510532736778},"rotation":{"x":-0.06693274527788162,"y":0.6879866719245911,"z":-0.06397806107997894,"w":-0.7197924852371216},"size":0.8573644161224365,"orthographic":false}