{"cameraMode":{"drawMode":0,"name":"Shaded","section":"Shading Mode"},"sceneLighting":true,"audioPlay":false,"sceneViewState":{"showFog":true,"showMaterialUpdate":true,"showSkybox":true,"showFlares":true,"showImageEffects":true,"showParticleSystems":true},"in2DMode":false,"pivot":{"x":-1.276353120803833,"y":2.412743330001831,"z":0.4733472466468811},"rotation":{"x":0.015836520120501519,"y":0.6565276980400086,"z":0.013789105229079724,"w":-0.7540096044540405},"size":3.3042943477630617,"orthographic":false}