{"cameraMode":{"drawMode":0,"name":"Shaded","section":"Shading Mode"},"sceneLighting":true,"audioPlay":false,"sceneViewState":{"showFog":true,"showMaterialUpdate":true,"showSkybox":true,"showFlares":true,"showImageEffects":true,"showParticleSystems":true},"in2DMode":false,"pivot":{"x":-24.180339813232423,"y":-3.655797004699707,"z":-0.28699448704719546},"rotation":{"x":-0.0892450213432312,"y":0.7049588561058044,"z":-0.09015913307666779,"w":-0.697810709476471},"size":23.44011116027832,"orthographic":false}